{
    "loai": [
    {
      "id": "2",
      "ten_loai": "Sách Khoa Học",
      "slug": "sach-khoa-hoc",
      "thu_tu": "2",
      "hinh": "images/product/category/1699345637-sach-khoa-hoc.webp",
      "an_hien": "1",
      "ngay": "2023-11-07 09:54:57"
    },
    {
      "id": "3",
      "ten_loai": "Sách Kinh Tế",
      "slug": "sach-kinh-te",
      "thu_tu": "3",
      "hinh": "images/product/category/kinh-te.webp",
      "an_hien": "1",
      "ngay": "2023-11-07 09:54:57"
    },
    {
      "id": "4",
      "ten_loai": "Sách Văn Học",
      "slug": "sach-van-hoc",
      "thu_tu": "4",
      "hinh": "images/product/category/van-hoc.webp",
      "an_hien": "1",
      "ngay": "2023-11-07 09:54:57"
    },
    {
      "id": "5",
      "ten_loai": "Sách Kỹ Năng",
      "slug": "sach-ky-nang",
      "thu_tu": "5",
      "hinh": "images/product/category/ky-nang.webp",
      "an_hien": "1",
      "ngay": "2023-11-07 09:54:57"
    },
    {
      "id": "6",
      "ten_loai": "Sách Thiếu Nhi",
      "slug": "sach-thieu-nhi",
      "thu_tu": "6",
      "hinh": "images/product/category/thieu-nhi.webp",
      "an_hien": "1",
      "ngay": "2023-11-07 09:54:57"
    },
    {
      "id": "7",
      "ten_loai": "Sách Lịch Sử",
      "slug": "sach-lich-su",
      "thu_tu": "7",
      "hinh": "images/product/category/lich-su.webp",
      "an_hien": "1",
      "ngay": "2023-11-07 09:54:57"
    },
    {
      "id": "8",
      "ten_loai": "Sách Tâm Lý Học",
      "slug": "sach-tam-ly-hoc",
      "thu_tu": "8",
      "hinh": "images/product/category/tam-ly.webp",
      "an_hien": "1",
      "ngay": "2023-11-07 09:54:57"
    },
    {
      "id": "9",
      "ten_loai": "Sách Nghệ Thuật",
      "slug": "sach-nghe-thuat",
      "thu_tu": "9",
      "hinh": "images/product/category/nghe-thuat.webp",
      "an_hien": "1",
      "ngay": "2023-11-07 09:54:57"
    }
    
  ],
   "loai_bai_viet": [
    {
      "id": "1",
      "ten": "Bài viết chuyên sâu",
      "slug": "bai-viet-chuyen-sau",
      "thu_tu": "1",
      "hinh": null,
      "an_hien": "1",
      "ngay": "2023-11-07 09:55:04"
    },
    {
      "id": "2",
      "ten": "Kinh nghiệm đọc sách",
      "slug": "kinh-nghiem-doc-sach",
      "thu_tu": "2",
      "hinh": null,
      "an_hien": "1",
      "ngay": "2023-11-07 09:55:04"
    },
    {
      "id": "3",
      "ten": "Giới thiệu sách",
      "slug": "gioi-thieu-sach",
      "thu_tu": "3",
      "hinh": null,
      "an_hien": "1",
      "ngay": "2023-11-07 09:55:04"
    },
    {
      "id": "4",
      "ten": "Đánh giá sách",
      "slug": "danh-gia-sach",
      "thu_tu": "4",
      "hinh": null,
      "an_hien": "1",
      "ngay": "2023-11-07 09:55:04"
    },
    {
      "id": "5",
      "ten": "Thảo luận sách",
      "slug": "thao-luan-sach",
      "thu_tu": "5",
      "hinh": null,
      "an_hien": "1",
      "ngay": "2023-11-07 09:55:04"
    },
    {
      "id": "6",
      "ten": "Chủ đề sách hay",
      "slug": "chu-de-sach-hay",
      "thu_tu": "6",
      "hinh": null,
      "an_hien": "1",
      "ngay": "2023-11-07 09:55:04"
    },
    {
      "id": "7",
      "ten": "Tác giả nổi bật",
      "slug": "tac-gia-noi-bat",
      "thu_tu": "7",
      "hinh": null,
      "an_hien": "1",
      "ngay": "2023-11-07 09:55:04"
    },
    {
      "id": "8",
      "ten": "Phân tích sách",
      "slug": "phan-tich-sach",
      "thu_tu": "8",
      "hinh": null,
      "an_hien": "1",
      "ngay": "2023-11-07 09:55:04"
    },
    {
      "id": "9",
      "ten": "Sách nổi bật",
      "slug": "sach-noi-bat",
      "thu_tu": "9",
      "hinh": null,
      "an_hien": "1",
      "ngay": "2023-11-07 09:55:04"
    },
    {
      "id": "10",
      "ten": "Chia sẻ cảm nhận",
      "slug": "chia-se-cam-nhan",
      "thu_tu": "10",
      "hinh": null,
      "an_hien": "1",
      "ngay": "2023-11-07 09:55:04"
    }
  ]
,
  "san_pham": [
    {
        "id": "1",
        "ten_sp": "Vũ Trụ Trong Vỏ Hạt Dẻ",
        "slug": "vu-tru-trong-vo-hat-de",
        "sku": "ISBN123456789",
        "gia": "150000",
        "gia_km": "120000",
        "hinh": "/Asm/images/1.webp",
        "mo_ta": "<p><strong>SÁCH VŨ TRỤ TRONG VỎ HẠT DẺ</strong></p><p>Một cuốn sách khoa học nổi tiếng của Stephen Hawking, giải thích những khái niệm phức tạp về vũ trụ bằng ngôn ngữ dễ hiểu.</p>",
        "luot_xem": "346",
        "hot": "1",
        "an_hien": "1",
        "ngay": "2023-11-07",
        "id_loai": "2",
        "so_luong": "19"
      },
      {
        "id": "2",
        "ten_sp": "Chiến Lược Đại Dương Xanh",
        "slug": "chien-luoc-dai-duong-xanh",
        "sku": "ISBN987654321",
        "gia": "180000",
        "gia_km": "150000",
        "hinh": "/Asm/images/1.webp",
        "mo_ta": "<p><strong>SÁCH CHIẾN LƯỢC ĐẠI DƯƠNG XANH</strong></p><p>Cung cấp các phương pháp tư duy đột phá trong kinh doanh, giúp các công ty phát triển thị trường mới.</p>",
        "luot_xem": "289",
        "hot": "0",
        "an_hien": "1",
        "ngay": "2023-11-07",
        "id_loai": "3",
        "so_luong": "15"
      },
    {
      "id": "3",
      "ten_sp": "Đắc Nhân Tâm",
      "slug": "dac-nhan-tam",
      "sku": "ISBN456789123",
      "gia": "130000",
      "gia_km": "105000",
      "hinh": "/Asm/images/1.webp",
      "mo_ta": "<p><strong>SÁCH ĐẮC NHÂN TÂM</strong></p><p>Cẩm nang giúp bạn giao tiếp và thấu hiểu mọi người một cách hiệu quả.</p>",
      "luot_xem": "420",
      "hot": "1",
      "an_hien": "1",
      "ngay": "2023-11-07",
      "id_loai": "4",
      "so_luong": "32"
    },
    {
      "id": "4",
      "ten_sp": "Tôi Tài Giỏi, Bạn Cũng Thế",
      "slug": "toi-tai-gioi-ban-cung-the",
      "sku": "ISBN654987321",
      "gia": "170000",
      "gia_km": "135000",
      "hinh": "/Asm/images/1.webp",
      "mo_ta": "<p><strong>SÁCH TÔI TÀI GIỎI, BẠN CŨNG THẾ</strong></p><p>Cung cấp các phương pháp học tập và rèn luyện trí tuệ, giúp bạn đạt được thành công trong học tập và cuộc sống.</p>",
      "luot_xem": "512",
      "hot": "1",
      "an_hien": "1",
      "ngay": "2023-11-07",
      "id_loai": "5",
      "so_luong": "25"
    },
    {
      "id": "5",
      "ten_sp": "Harry Potter và Hòn Đá Phù Thủy",
      "slug": "harry-potter-va-hon-da-phu-thuy",
      "sku": "ISBN321654987",
      "gia": "220000",
      "gia_km": "190000",
      "hinh": "/Asm/images/1.webp",
      "mo_ta": "<p><strong>SÁCH HARRY POTTER VÀ HÒN ĐÁ PHÙ THỦY</strong></p><p>Câu chuyện mở đầu cho chuỗi truyện kinh điển về cậu bé phù thủy Harry Potter.</p>",
      "luot_xem": "845",
      "hot": "1",
      "an_hien": "1",
      "ngay": "2023-11-07",
      "id_loai": "6",
      "so_luong": "40"
    },
    {
      "id": "6",
      "ten_sp": "Lược Sử Loài Người",
      "slug": "luoc-su-loai-nguoi",
      "sku": "ISBN852963741",
      "gia": "180000",
      "gia_km": "150000",
      "hinh": "/Asm/images/1.webp",
      "mo_ta": "<p><strong>SÁCH LƯỢC SỬ LOÀI NGƯỜI</strong></p><p>Khám phá lịch sử phát triển của nhân loại qua các giai đoạn quan trọng.</p>",
      "luot_xem": "625",
      "hot": "0",
      "an_hien": "1",
      "ngay": "2023-11-07",
      "id_loai": "7",
      "so_luong": "18"
    },
    {
      "id": "7",
      "ten_sp": "Sức Mạnh Của Thói Quen",
      "slug": "suc-manh-cua-thoi-quen",
      "sku": "ISBN741852963",
      "gia": "140000",
      "gia_km": "120000",
      "hinh": "/Asm/images/1.webp",
      "mo_ta": "<p><strong>SÁCH SỨC MẠNH CỦA THÓI QUEN</strong></p><p>Khám phá cách hình thành và thay đổi thói quen để đạt được thành công.</p>",
      "luot_xem": "734",
      "hot": "1",
      "an_hien": "1",
      "ngay": "2023-11-07",
      "id_loai": "8",
      "so_luong": "27"
    },
    {
      "id": "8",
      "ten_sp": "Người Giàu Có Nhất Thành Babylon",
      "slug": "nguoi-giau-co-nhat-thanh-babylon",
      "sku": "ISBN963258741",
      "gia": "110000",
      "gia_km": "90000",
      "hinh": "/Asm/images/1.webp",
      "mo_ta": "<p><strong>SÁCH NGƯỜI GIÀU CÓ NHẤT THÀNH BABYLON</strong></p><p>Bài học về tài chính cá nhân từ những nguyên tắc kinh doanh cổ xưa.</p>",
      "luot_xem": "280",
      "hot": "0",
      "an_hien": "1",
      "ngay": "2023-11-07",
      "id_loai": "3",
      "so_luong": "20"
    },
    {
      "id": "9",
      "ten_sp": "7 Thói Quen Hiệu Quả",
      "slug": "7-thoi-quen-hieu-qua",
      "sku": "ISBN753951852",
      "gia": "160000",
      "gia_km": "130000",
      "hinh": "/Asm/images/1.webp",
      "mo_ta": "<p><strong>SÁCH 7 THÓI QUEN HIỆU QUẢ</strong></p><p>Giúp bạn xây dựng những thói quen quan trọng để đạt được mục tiêu cá nhân và sự nghiệp.</p>",
      "luot_xem": "645",
      "hot": "1",
      "an_hien": "1",
      "ngay": "2023-11-07",
      "id_loai": "5",
      "so_luong": "22"
    },
    {
      "id": "10",
      "ten_sp": "Muôn Kiếp Nhân Sinh",
      "slug": "muon-kiep-nhan-sinh",
      "sku": "ISBN159357486",
      "gia": "150000",
      "gia_km": "125000",
      "hinh": "/Asm/images/1.webp",
      "mo_ta": "<p><strong>SÁCH MUÔN KIẾP NHÂN SINH</strong></p><p>Khám phá triết lý về nhân sinh và ý nghĩa của cuộc sống qua nhiều kiếp sống.</p>",
      "luot_xem": "518",
      "hot": "0",
      "an_hien": "1",
      "ngay": "2023-11-07",
      "id_loai": "7",
      "so_luong": "30"
    },
    {
      "id": "11",
      "ten_sp": "Bí Mật Tư Duy Triệu Phú",
      "slug": "bi-mat-tu-duy-trieu-phu",
      "sku": "ISBN321654987",
      "gia": "190000",
      "gia_km": "165000",
      "hinh": "/Asm/images/1.webp",
      "mo_ta": "<p><strong>SÁCH BÍ MẬT TƯ DUY TRIỆU PHÚ</strong></p><p>Bí quyết phát triển tư duy của những người giàu có để đạt được sự thành công trong cuộc sống.</p>",
      "luot_xem": "790",
      "hot": "1",
      "an_hien": "1",
      "ngay": "2023-11-07",
      "id_loai": "8",
      "so_luong": "14"
    },
    {
      "id": "12",
      "ten_sp": "Nhà Giả Kim",
      "slug": "nha-gia-kim",
      "sku": "ISBN951753468",
      "gia": "170000",
      "gia_km": "140000",
      "hinh": "/Asm/images/1.webp",
      "mo_ta": "<p><strong>SÁCH NHÀ GIẢ KIM</strong></p><p>Câu chuyện đầy cảm hứng về cuộc hành trình tìm kiếm ước mơ của một chàng trai trẻ.</p>",
      "luot_xem": "932",
      "hot": "1",
      "an_hien": "1",
      "ngay": "2023-11-07",
      "id_loai": "6",
      "so_luong": "35"
    },
    {
      "id": "13",
      "ten_sp": "Sapiens: Lược Sử Loài Người",
      "slug": "sapiens-luoc-su-loai-nguoi",
      "sku": "ISBN357951486",
      "gia": "210000",
      "gia_km": "180000",
      "hinh": "/Asm/images/1.webp",
      "mo_ta": "<p><strong>SÁCH SAPIENS: LƯỢC SỬ LOÀI NGƯỜI</strong></p><p>Cung cấp một cái nhìn tổng quan về lịch sử loài người từ thời tiền sử đến hiện đại.</p>",
      "luot_xem": "1120",
      "hot": "1",
      "an_hien": "1",
      "ngay": "2023-11-07",
      "id_loai": "7",
      "so_luong": "28"
    },
    {
      "id": "14",
      "ten_sp": "Nghệ Thuật Tinh Tế Của Việc Đếch Quan Tâm",
      "slug": "nghe-thuat-tinh-te-cua-viec-dech-quan-tam",
      "sku": "ISBN654159753",
      "gia": "130000",
      "gia_km": "110000",
      "hinh": "/Asm/images/1.webp",
      "mo_ta": "<p><strong>SÁCH NGHỆ THUẬT TINH TẾ CỦA VIỆC ĐẾCH QUAN TÂM</strong></p><p>Cuốn sách giúp bạn học cách bỏ qua những điều không cần thiết và tập trung vào điều quan trọng.</p>",
      "luot_xem": "562",
      "hot": "1",
      "an_hien": "1",
      "ngay": "2023-11-07",
      "id_loai": "4",
      "so_luong": "26"
    },
    {
      "id": "15",
      "ten_sp": "Bí Quyết Đơn Giản Hóa Cuộc Sống",
      "slug": "bi-quyet-don-gian-hoa-cuoc-song",
      "sku": "ISBN789456123",
      "gia": "120000",
      "gia_km": "95000",
      "hinh": "/Asm/images/1.webp",
      "mo_ta": "<p><strong>SÁCH BÍ QUYẾT ĐƠN GIẢN HÓA CUỘC SỐNG</strong></p><p>Giúp bạn tìm thấy sự yên bình và hạnh phúc qua việc đơn giản hóa cuộc sống hàng ngày.</p>",
      "luot_xem": "389",
      "hot": "0",
      "an_hien": "1",
      "ngay": "2023-11-07",
      "id_loai": "5",
      "so_luong": "21"
    },
    {
        "id": "2",
        "ten_sp": "Bí Ẩn Vũ Trụ",
        "slug": "bi-an-vu-tru",
        "sku": "KH-001",
        "gia": "180000",
        "gia_km": "150000",
        "hinh": "/Asm/images/1.webp",
        "mo_ta": "<p>Một cuốn sách giải mã những bí ẩn của vũ trụ, từ các hành tinh xa xôi đến những ngôi sao khổng lồ.</p>",
        "luot_xem": "102",
        "hot": "0",
        "an_hien": "1",
        "ngay": "2023-11-07",
        "id_loai": "2",
        "so_luong": "35"
      },
      {
        "id": "3",
        "ten_sp": "Nền Kinh Tế Số",
        "slug": "nen-kinh-te-so",
        "sku": "KT-002",
        "gia": "210000",
        "gia_km": "200000",
        "hinh": "/Asm/images/1.webp",
        "mo_ta": "<p>Cuốn sách phân tích xu hướng và tác động của kinh tế số trong thời đại 4.0.</p>",
        "luot_xem": "87",
        "hot": "1",
        "an_hien": "1",
        "ngay": "2023-11-07",
        "id_loai": "3",
        "so_luong": "40"
      },
      {
        "id": "4",
        "ten_sp": "Tác Phẩm Chọn Lọc Của Hemingway",
        "slug": "tac-pham-chon-loc-cua-hemingway",
        "sku": "VH-003",
        "gia": "290000",
        "gia_km": "0",
        "hinh": "/Asm/images/1.webp",
        "mo_ta": "<p>Tuyển tập những tác phẩm kinh điển của nhà văn Ernest Hemingway.</p>",
        "luot_xem": "121",
        "hot": "0",
        "an_hien": "1",
        "ngay": "2023-11-07",
        "id_loai": "4",
        "so_luong": "50"
      },
      {
        "id": "5",
        "ten_sp": "Kỹ Năng Giao Tiếp Hiệu Quả",
        "slug": "ky-nang-giao-tiep-hieu-qua",
        "sku": "KN-004",
        "gia": "130000",
        "gia_km": "120000",
        "hinh": "/Asm/images/1.webp",
        "mo_ta": "<p>Cẩm nang hướng dẫn phát triển kỹ năng giao tiếp giúp nâng cao thành công trong công việc và cuộc sống.</p>",
        "luot_xem": "199",
        "hot": "1",
        "an_hien": "1",
        "ngay": "2023-11-07",
        "id_loai": "5",
        "so_luong": "60"
      },
      {
        "id": "6",
        "ten_sp": "Chuyến Phiêu Lưu Của Tintin",
        "slug": "chuyen-phieu-luu-cua-tintin",
        "sku": "TN-005",
        "gia": "110000",
        "gia_km": "100000",
        "hinh": "/Asm/images/1.webp",
        "mo_ta": "<p>Một trong những loạt truyện tranh nổi tiếng thế giới kể về những cuộc phiêu lưu kỳ thú của Tintin.</p>",
        "luot_xem": "305",
        "hot": "0",
        "an_hien": "1",
        "ngay": "2023-11-07",
        "id_loai": "6",
        "so_luong": "45"
      },
      {
        "id": "7",
        "ten_sp": "Lịch Sử Thế Giới",
        "slug": "lich-su-the-gioi",
        "sku": "LS-006",
        "gia": "350000",
        "gia_km": "320000",
        "hinh": "/Asm/images/1.webp",
        "mo_ta": "<p>Cuốn sách bao quát lịch sử của loài người từ thời tiền sử đến hiện đại.</p>",
        "luot_xem": "176",
        "hot": "1",
        "an_hien": "1",
        "ngay": "2023-11-07",
        "id_loai": "7",
        "so_luong": "25"
      },
      {
        "id": "8",
        "ten_sp": "Tâm Lý Học Tích Cực",
        "slug": "tam-ly-hoc-tich-cuc",
        "sku": "TL-007",
        "gia": "150000",
        "gia_km": "140000",
        "hinh": "/Asm/images/1.webp",
        "mo_ta": "<p>Cuốn sách này cung cấp cái nhìn về tâm lý học tích cực và cách áp dụng nó trong cuộc sống hàng ngày.</p>",
        "luot_xem": "223",
        "hot": "0",
        "an_hien": "1",
        "ngay": "2023-11-07",
        "id_loai": "8",
        "so_luong": "70"
      },
      {
        "id": "9",
        "ten_sp": "Nghệ Thuật Sáng Tạo",
        "slug": "nghe-thuat-sang-tao",
        "sku": "NT-008",
        "gia": "240000",
        "gia_km": "220000",
        "hinh": "/Asm/images/1.webp",
        "mo_ta": "<p>Một cuốn sách truyền cảm hứng cho những người đam mê sáng tạo nghệ thuật.</p>",
        "luot_xem": "189",
        "hot": "1",
        "an_hien": "1",
        "ngay": "2023-11-07",
        "id_loai": "9",
        "so_luong": "55"
      },
      {
        "id": "10",
        "ten_sp": "Giải Mã Bộ Não",
        "slug": "giai-ma-bo-nao",
        "sku": "KH-009",
        "gia": "270000",
        "gia_km": "250000",
        "hinh": "/Asm/images/1.webp",
        "mo_ta": "<p>Cuốn sách khám phá những bí ẩn của bộ não con người và cách nó hoạt động.</p>",
        "luot_xem": "140",
        "hot": "0",
        "an_hien": "1",
        "ngay": "2023-11-07",
        "id_loai": "2",
        "so_luong": "50"
      },
      {
        "id": "12",
        "ten_sp": "Kinh Tế Học Cơ Bản",
        "slug": "kinh-te-hoc-co-ban",
        "sku": "KT-010",
        "gia": "200000",
        "gia_km": "180000",
        "hinh": "/Asm/images/1.webp",
        "mo_ta": "<p>Cuốn sách này cung cấp cái nhìn tổng quát về các nguyên lý cơ bản của kinh tế học.</p>",
        "luot_xem": "211",
        "hot": "1",
        "an_hien": "1",
        "ngay": "2023-11-07",
        "id_loai": "3",
        "so_luong": "60"
      }
  ]

,
    "binh_luan": [
  {
    "id": "1",
    "id_sp": "3",
    "noi_dung": "Sách Đắc Nhân Tâm thật sự rất hữu ích, giúp tôi cải thiện cách giao tiếp với mọi người xung quanh.",
    "ngay": "2023-10-10",
    "id_user": "5",
    "rating": "5",
    "ho_ten":"Tấn Duy"
  },
  {
    "id": "2",
    "id_sp": "4",
    "noi_dung": "Tôi đã đọc 'Tôi Tài Giỏi, Bạn Cũng Thế' và thấy cuốn sách này có rất nhiều bài học hữu ích trong việc phát triển bản thân.",
    "ngay": "2023-10-12",
    "id_user": "7",
    "ho_ten":"Tấn Duy",
    "rating": "4"
  },
  {
    "id": "3",
    "id_sp": "5",
    "noi_dung": "Harry Potter là cuốn sách tuyệt vời, tôi đã không thể đặt nó xuống từ khi bắt đầu đọc.",
    "ngay": "2023-10-15",
    "ho_ten":"Tấn Duy",
    "id_user": "10",
    "rating": "5"
  },
  {
    "id": "4",
    "id_sp": "6",
    "noi_dung": "Lược Sử Loài Người thật sự làm tôi suy ngẫm về sự phát triển và tương lai của loài người.",
    "ngay": "2023-10-18",
    "id_user": "12",
    "ho_ten":"Tấn Duy",
    "rating": "5"
  },
  {
    "id": "5",
    "id_sp": "8",
    "noi_dung": "Cuốn sách 'Người Giàu Có Nhất Thành Babylon' đã giúp tôi có cái nhìn rõ ràng hơn về cách quản lý tài chính cá nhân.",
    "ngay": "2023-10-20",
    "id_user": "9",
    "ho_ten":"Tấn Duy",
    "rating": "4"
  }
],

    "bai_viet": [
      {
        "id": "1",
        "tieu_de": "Cách Bảo Quản Sách",
        "slug": "cach-bao-quan-sach.html",
        "mo_ta": "Sách là tài sản quý giá, việc bảo quản sách đúng cách giúp chúng luôn bền và đẹp.",
        "noi_dung": "Để bảo quản sách hiệu quả, bạn nên tránh để sách ở nơi ẩm ướt, tránh ánh nắng mặt trời trực tiếp. Sử dụng bọc sách và kệ sách phù hợp để giữ sách trong tình trạng tốt nhất.",
        "an_hien": "1",
        "hinh": "images/blog/cach-bao-quan-sach.jpg",
        "luot_xem": "377",
        "hot": "1",
        "ngay": "2023-11-07",
        "id_loai": "1"
      },
      {
        "id": "2",
        "tieu_de": "Những Cuốn Sách Giúp Bạn Thay Đổi Tư Duy",
        "slug": "nhung-cuon-sach-giup-ban-thay-doi-tu-duy",
        "mo_ta": "Đôi khi chỉ cần một cuốn sách để thay đổi hoàn toàn cách nhìn nhận của bạn về cuộc sống.",
        "noi_dung": "Cuộc sống là hành trình của sự thay đổi và phát triển. Đọc sách là cách để khám phá những tư duy mới mẻ, từ đó giúp bạn cải thiện bản thân. Dưới đây là danh sách những cuốn sách có thể giúp bạn thay đổi cách nhìn nhận về cuộc sống và tư duy của mình...",
        "an_hien": "1",
        "hinh": "images/blog/thay-doi-tu-duy.jpg",
        "luot_xem": "500",
        "hot": "1",
        "ngay": "2023-11-07",
        "id_loai": "2"
      },
      {
        "id": "3",
        "tieu_de": "Lợi Ích Của Việc Đọc Sách Mỗi Ngày",
        "slug": "loi-ich-cua-viec-doc-sach-moi-ngay",
        "mo_ta": "Đọc sách là thói quen mang lại nhiều lợi ích không chỉ cho kiến thức mà còn cho tâm hồn.",
        "noi_dung": "Đọc sách mỗi ngày không chỉ giúp bạn mở rộng kiến thức mà còn giúp thư giãn, giảm căng thẳng. Những người có thói quen đọc sách thường xuyên sẽ có tư duy sâu sắc hơn, phản xạ nhanh nhạy và biết cách giải quyết vấn đề một cách hợp lý...",
        "an_hien": "1",
        "hinh": "images/blog/loi-ich-doc-sach.jpg",
        "luot_xem": "340",
        "hot": "1",
        "ngay": "2023-11-07",
        "id_loai": "1"
      },
      {
        "id": "4",
        "tieu_de": "Cách Lựa Chọn Sách Phù Hợp Với Bản Thân",
        "slug": "cach-lua-chon-sach-phu-hop",
        "mo_ta": "Lựa chọn cuốn sách phù hợp có thể giúp bạn phát triển tư duy và nâng cao kiến thức.",
        "noi_dung": "Với hàng triệu cuốn sách trên thị trường, việc lựa chọn sách phù hợp với bản thân không phải là điều dễ dàng. Để lựa chọn được cuốn sách phù hợp, bạn cần xác định rõ mục tiêu và sở thích cá nhân. Dưới đây là một số gợi ý giúp bạn dễ dàng tìm thấy những cuốn sách phù hợp...",
        "an_hien": "1",
        "hinh": "images/blog/lua-chon-sach.jpg",
        "luot_xem": "270",
        "hot": "0",
        "ngay": "2023-11-07",
        "id_loai": "3"
      },
      {
        "id": "5",
        "tieu_de": "Những Cuốn Sách Đáng Đọc Về Quản Lý Tài Chính Cá Nhân",
        "slug": "nhung-cuon-sach-quan-ly-tai-chinh-ca-nhan",
        "mo_ta": "Quản lý tài chính cá nhân là kỹ năng quan trọng để đạt được thành công và sự tự do tài chính.",
        "noi_dung": "Những cuốn sách về quản lý tài chính cá nhân không chỉ cung cấp kiến thức nền tảng mà còn truyền cảm hứng để bạn quản lý tài chính một cách thông minh. Các sách như 'Cha Giàu Cha Nghèo' hay 'Người Giàu Có Nhất Thành Babylon' sẽ là người thầy giúp bạn có cái nhìn toàn diện về tài chính cá nhân...",
        "an_hien": "1",
        "hinh": "images/blog/quan-ly-tai-chinh.jpg",
        "luot_xem": "410",
        "hot": "1",
        "ngay": "2023-11-07",
        "id_loai": "4"
      },
      {
        "id": "6",
        "tieu_de": "Sách Self-help Và Những Bài Học Cuộc Sống",
        "slug": "sach-self-help-va-bai-hoc-cuoc-song",
        "mo_ta": "Những cuốn sách self-help cung cấp những bài học quý giá về cuộc sống, giúp bạn phát triển bản thân.",
        "noi_dung": "Sách self-help từ lâu đã trở thành người bạn đồng hành của nhiều người trong hành trình phát triển bản thân. Những bài học từ các cuốn sách như 'Đắc Nhân Tâm' hay 'Bí Quyết Thành Công' sẽ giúp bạn vượt qua khó khăn và sống một cuộc đời hạnh phúc và ý nghĩa hơn...",
        "an_hien": "1",
        "hinh": "images/blog/self-help.jpg",
        "luot_xem": "620",
        "hot": "1",
        "ngay": "2023-11-07",
        "id_loai": "5"
      }
    ]
  }
  